{"accuracy": [0.9688851833343506, 0.9890344142913818, 0.9947304129600525, 0.9968321919441223], "loss": [0.08458288013935089, 0.03282329812645912, 0.016283076256513596, 0.009523659944534302], "val_accuracy": [0.9822733998298645, 0.9842227101325989, 0.9771564602851868, 0.9842836260795593], "val_loss": [0.04992292821407318, 0.04528855159878731, 0.09556249529123306, 0.08226810395717621]}